Ward_ID,Total_Population,Area_Sqm_Km,Population_Density_Per_SqKm,CCTV_Count,CCTV_Density_Per_SqKm,Streetlight_Count,Streetlight_Density_Per_SqKm,Bus_Stop_Count,Bus_Stop_Density,POI_Count,POI_Density,Traffic Volume,Pedestrian and Cyclist Count,Metro_Prox_Count,Safety_Score_V2,Norm_Total_Population,Norm_Area_Sqm_Km,Norm_Population_Density_Per_SqKm,Norm_CCTV_Count,Norm_CCTV_Density_Per_SqKm,Norm_Streetlight_Count,Norm_Streetlight_Density_Per_SqKm,Norm_Bus_Stop_Count,Norm_Bus_Stop_Density,Norm_POI_Count,Norm_POI_Density,Norm_Traffic Volume,Norm_Pedestrian and Cyclist Count,Norm_Metro_Prox_Count,Norm_Safety_Score_V2
129,68132.0,0.5789655822239876,117678.84325400431,0.0,0.0,5476.0,9458.247896127044,3.0,5.181655165884063,0.0,0.0,0.0,0.0,0.0,0.422,0.6535344926282581,0.008720889217775425,0.9084860373190441,0.0,0.0,0.8050573360776242,1.0,0.125,0.23801558091961025,0.0,0.0,0.0,0.0,0.0,1.0
197,62057.0,0.5910809691875871,104989.00021310856,0.0,0.0,4605.0,7790.810802671172,5.0,8.459077961640794,0.0,0.0,0.0,0.0,0.0,0.3857,0.5762552314561575,0.009092615589150643,0.8097695863139248,0.0,0.0,0.677006762716848,0.8237054989710458,0.20833333333333334,0.38856162570221775,0.0,0.0,0.0,0.0,0.0,0.9137152365105776
153,38151.0,0.2947324589479899,129442.81785648975,0.0,0.0,1940.0,6582.2407444520495,4.0,13.57163040093206,0.0,0.0,0.0,0.0,0.0,0.4175,0.2721502079861597,0.0,1.0,0.0,0.0,0.28521023228462217,0.695926012591332,0.16666666666666666,0.6234030228742479,0.0,0.0,0.0,0.0,0.0,0.9893035417161873
72,62272.0,0.5455307389927045,114149.388016122,0.0,0.0,3561.0,6527.5881732626285,4.0,7.332309096616263,0.0,0.0,0.0,0.0,0.0,0.3552,0.5789902176540179,0.0076950356491518445,0.8810298037043077,0.0,0.0,0.5235224933842987,0.6901477149838228,0.16666666666666666,0.3368043131475937,0.0,0.0,0.0,0.0,0.0,0.841217019253625
154,32640.0,0.3281031710876929,99480.90380167717,0.0,0.0,2099.0,6397.377974256139,2.0,6.095643615298846,0.0,0.0,0.0,0.0,0.0,0.3261,0.2020455152586788,0.0010238858875220996,0.7669211659057116,0.0,0.0,0.308585710085269,0.6763808735522499,0.08333333333333333,0.2799989790379521,0.0,0.0,0.0,0.0,0.0,0.7720465890183028
159,40771.0,0.6430798704656797,63399.58980596935,0.0,0.0,4712.0,7327.239144630438,14.0,21.770235149581097,0.0,0.0,0.0,0.0,0.0,0.4166,0.3054788770019463,0.01068805475635829,0.4862384770986959,0.0,0.0,0.6927374301675978,0.7746930747745352,0.5833333333333334,1.0,0.0,0.0,0.0,0.0,0.0,0.9871642500594249
184,57209.0,0.8484376635748518,67428.64261701041,2.0,2.35727394700171,5158.0,6079.40950931741,10.0,11.78636973500855,0.0,0.0,0.0,0.0,0.0,0.3271,0.5145844729109158,0.016988877626931763,0.5175811653523166,0.012048192771084338,0.03804119651026055,0.7583063804763305,0.6427627586084735,0.4166666666666667,0.541398365889279,0.0,0.0,0.0,0.0,0.0,0.774423579748039
49,37955.0,2.678873462600853,14168.269061559336,166.0,61.96634604713081,1312.0,489.75810851708206,1.0,0.37329124124777596,2.0,0.7465824824955519,0.0,0.0,0.0,0.2633,0.269656918242994,0.0731506213377641,0.10325964540466655,1.0,1.0,0.19288444575124963,0.05178106070973545,0.041666666666666664,0.017146863076256614,0.25,0.3228074015951771,0.0,0.0,0.0,0.6227715711908723
71,66314.0,0.5320772266763949,124632.28395289253,0.0,0.0,1895.0,3561.513075530526,1.0,1.8794264250820718,0.0,0.0,0.0,0.0,0.0,0.2515,0.6304079581737925,0.0072822526872358025,0.9625780371851314,0.0,0.0,0.27859453102028814,0.3765510393303279,0.041666666666666664,0.08633009299939673,0.0,0.0,0.0,0.0,0.0,0.5947230805799857
130,58199.0,1.0470228750952777,55585.22300165024,12.0,11.461067647550696,4874.0,4655.103642846841,2.0,1.9101779412584492,0.0,0.0,0.0,0.0,0.0,0.237,0.5271781302871099,0.02308190299286166,0.42544918638102713,0.07228915662650602,0.1849563251451611,0.7165539547192002,0.4921739939543146,0.08333333333333333,0.08774264164506303,0.0,0.0,0.0,0.0,0.0,0.5602567149988116
70,61479.0,0.5836250959046974,105339.88416776231,0.0,0.0,2210.0,3786.6774672775214,0.0,0.0,0.0,0.0,0.0,0.0,0.0,0.222,0.568902570887026,0.008863853212083437,0.8124991723778683,0.0,0.0,0.3249044398706263,0.4003571812521521,0.0,0.0,0.0,0.0,0.0,0.0,0.0,0.5246018540527693
191,71004.0,0.7439718540970088,95439.09438103763,0.0,0.0,3075.0,4133.220878002518,1.0,1.3441368708951278,0.0,0.0,0.0,0.0,0.0,0.2288,0.6900688198852578,0.013783639824239552,0.7354792418126592,0.0,0.0,0.4520729197294913,0.4369964631287562,0.041666666666666664,0.06174195463024163,0.0,0.0,0.0,0.0,0.0,0.5407653910149751
168,28353.0,0.451611861766732,62781.78763746684,3.0,6.642872461905284,1970.0,4362.152916651136,6.0,13.285744923810569,0.0,0.0,0.0,0.0,0.0,0.3005,0.1475111625599471,0.004813400622574618,0.481432488773916,0.018072289156626505,0.10720129369662688,0.2896206997941782,0.46120095017147383,0.25,0.610271080331726,0.0,0.0,0.0,0.0,0.0,0.7111956263370572
144,34879.0,0.3587769657056059,97216.3860391749,0.0,0.0,1225.0,3414.3775021643182,1.0,2.7872469405423006,0.0,0.0,0.0,0.0,0.0,0.2218,0.23052753431453613,0.0019650244911740868,0.7493050964214907,0.0,0.0,0.1800940899735372,0.3609947148416817,0.041666666666666664,0.12803017153427176,0.0,0.0,0.0,0.0,0.0,0.524126455906822
149,54625.0,0.6983128712376393,78224.24911513746,0.0,0.0,2952.0,4227.331503668389,4.0,5.728091468385351,0.0,0.0,0.0,0.0,0.0,0.2414,0.48171375507244535,0.012382723116420743,0.601562027566959,0.0,0.0,0.43399000294031165,0.4469465751050354,0.16666666666666666,0.2631157371074869,0.0,0.0,0.0,0.0,0.0,0.5707154742096506
74,43844.0,0.8451850729910587,51875.02879675661,22.0,26.02980187776309,1174.0,1389.044882022449,1.0,1.1831728126255954,0.0,0.0,0.0,0.0,0.0,0.1884,0.34457009833229446,0.016889081087298707,0.3965869535491066,0.13253012048192772,0.4200635270307072,0.17259629520729197,0.14686069738045604,0.041666666666666664,0.054348187077270134,0.0,0.0,0.0,0.0,0.0,0.4447349655336345
132,41487.0,1.1515446659252853,36027.260798142386,30.0,26.051963842752468,2327.0,2020.763995402833,4.0,3.473595179033662,0.0,0.0,0.0,0.0,0.0,0.2024,0.31458701708412307,0.026288858424959132,0.2733044662768867,0.18072289156626506,0.4204211722107622,0.34210526315789475,0.2136509866938774,0.16666666666666666,0.15955708127022694,0.0,0.0,0.0,0.0,0.0,0.47801283574994063
150,80180.0,1.253676910968038,63955.87196232903,1.0,0.7976536787519211,4984.0,3975.505934899574,24.0,19.143688290046104,0.0,0.0,0.0,0.0,0.0,0.3131,0.8067954866367302,0.029422497405225557,0.49056589076774837,0.006024096385542169,0.01287236911056908,0.7327256689209056,0.42032160486377834,1.0,0.8793514704141571,0.0,0.0,0.0,0.0,0.0,0.7411457095317329
83,43942.0,0.7767184916296844,56573.907372544185,0.0,0.0,3377.0,4347.778553481446,9.0,11.58720964801096,0.0,0.0,0.0,0.0,0.0,0.2597,0.34581674320387734,0.01478837774811553,0.4331403305460372,0.0,0.0,0.49647162599235517,0.4596811799849072,0.375,0.5322500913929687,0.0,0.0,0.0,0.0,0.0,0.6142144045638221
25,95368.0,1.2350975527655368,77214.95341518507,0.0,0.0,4004.0,3241.849189187159,9.0,7.2868738018692385,0.0,0.0,0.0,0.0,0.0,0.225,1.0,0.02885244236465224,0.5937105443616164,0.0,0.0,0.5886503969420759,0.3427536711651033,0.375,0.33471727575755894,0.0,0.0,0.0,0.0,0.0,0.5317328262419777
160,56897.0,1.4479781325407104,39294.101700393134,10.0,6.906181644092506,5870.0,4053.928625082301,18.0,12.43112695936651,0.0,0.0,0.0,0.0,0.0,0.2599,0.5106155627075091,0.03538408066013821,0.2987177782326973,0.060240963855421686,0.11145052249554543,0.8629814760364599,0.42861306550680495,0.75,0.5710148224837025,0.0,0.0,0.0,0.0,0.0,0.6146898027097695
194,51911.0,0.9978784701034406,52021.36488085456,0.0,0.0,3978.0,3986.457388531129,3.0,3.0063781210641998,0.0,0.0,0.0,0.0,0.0,0.1857,0.4471893246492221,0.02157404596808015,0.39772532687883033,0.0,0.0,0.5848279917671273,0.42147947826187765,0.125,0.1380958037617728,0.0,0.0,0.0,0.0,0.0,0.43831709056334683
54,50191.0,0.928253062371402,54070.3845046063,1.0,1.077292432998073,3478.0,3746.823081967299,2.0,2.1545848659961466,0.0,0.0,0.0,0.0,0.0,0.1794,0.42530943506633934,0.01943778732033645,0.4136649996269291,0.006024096385542169,0.01738512114589907,0.5113201999411938,0.3961434636854406,0.08333333333333333,0.09896929689515113,0.0,0.0,0.0,0.0,0.0,0.4233420489660091
57,58815.0,0.8155709647461572,72115.12246307825,6.0,7.356809228572124,1639.0,2009.6350542716184,6.0,7.356809228572124,0.0,0.0,0.0,0.0,0.0,0.2107,0.5350141837656308,0.01598045596187229,0.5540380905183648,0.03614457831325301,0.1187226566978248,0.24095854160541016,0.21247434792806838,0.25,0.33792970898220565,0.0,0.0,0.0,0.0,0.0,0.4977418588067507
196,45608.0,0.9346397556773488,48797.410684662274,0.0,0.0,3771.0,4034.709605592472,0.0,0.0,0.0,0.0,0.0,0.0,0.0,0.1625,0.3670097060207859,0.01963374493480134,0.3726456379161291,0.0,0.0,0.5543957659511908,0.4265810803335575,0.0,0.0,0.0,0.0,0.0,0.0,0.0,0.38317090563346806
40,72794.0,1.176324167996651,61882.60173551688,0.0,0.0,3589.0,3051.02972262508,3.0,2.5503174053706434,0.0,0.0,0.0,0.0,0.0,0.1694,0.7128391700906997,0.02704914733831769,0.4744375684468265,0.0,0.0,0.527638929726551,0.32257874356141725,0.125,0.11714698476372298,0.0,0.0,0.0,0.0,0.0,0.3995721416686475
67,34574.0,1.024892192910256,33734.27979954127,14.0,13.659973309237513,2535.0,2473.430881351221,6.0,5.854274275387506,0.0,0.0,0.0,0.0,0.0,0.1881,0.2266476701733854,0.022402885623510362,0.2554669764297232,0.08433734939759036,0.2204418072165803,0.3726845045574831,0.26151047303000374,0.25,0.2689118530490542,0.0,0.0,0.0,0.0,0.0,0.4440218683147136
131,42785.0,1.0052485397938336,42561.61367692688,17.0,16.911240680326213,1573.0,1564.7871523619488,2.0,1.9895577270972014,0.0,0.0,0.0,0.0,0.0,0.1583,0.3310987011995777,0.02180017570467243,0.32413631058968734,0.10240963855421686,0.2729100836035053,0.23125551308438694,0.165441545785948,0.08333333333333333,0.09138889467326146,0.0,0.0,0.0,0.0,0.0,0.3731875445685762
51,46159.0,0.7191851750198341,64182.35748356048,1.0,1.3904624771671932,1847.0,2568.184195327806,0.0,0.0,0.0,0.0,0.0,0.0,0.0,0.1462,0.3740189032069303,0.013023130704763377,0.4923277602241286,0.006024096385542169,0.022438994161599026,0.27153778300499853,0.27152853504499747,0.0,0.0,0.0,0.0,0.0,0.0,0.0,0.34442595673876875
128,35780.0,0.7543801338753476,47429.66893387495,0.0,0.0,2613.0,3463.770959312891,1.0,1.3255916415280868,0.0,0.0,0.0,0.0,0.0,0.155,0.24198903461347648,0.014102988441488377,0.36200574181228234,0.0,0.0,0.38415172008232873,0.3662169777481972,0.041666666666666664,0.06089009293744785,0.0,0.0,0.0,0.0,0.0,0.3653434751604469
198,50440.0,1.713716248321301,29433.11067360733,4.0,2.33410869735189,6802.0,3969.151839846889,12.0,7.00232609205567,0.0,0.0,0.0,0.0,0.0,0.194,0.4284769307094427,0.04353750290013726,0.2220074490016347,0.024096385542168676,0.037667360531095324,1.0,0.4196498001994824,0.5,0.3216467825884007,0.0,0.0,0.0,0.0,0.0,0.45804611362015696
84,50556.0,1.2005971907331878,42109.044057587846,10.0,8.329188238307587,2845.0,2369.654053798509,4.0,3.331675295323035,0.0,0.0,0.0,0.0,0.0,0.1606,0.4299525511696836,0.02779389636624971,0.3206156944157986,0.060240963855421686,0.13441470684704424,0.4182593354895619,0.2505383745301107,0.16666666666666666,0.15303809409643163,0.0,0.0,0.0,0.0,0.0,0.37865462324696936
59,40362.0,0.6929486171322659,58246.7429793513,1.0,1.4431084430739631,1747.0,2521.110450050214,1.0,1.4431084430739631,0.0,0.0,0.0,0.0,0.0,0.1482,0.30027604279299336,0.01221813615607716,0.4461536037352174,0.006024096385542169,0.023288583806060685,0.2568362246398118,0.26655153023453276,0.041666666666666664,0.06628814218856664,0.0,0.0,0.0,0.0,0.0,0.34917993819824106
145,38309.0,0.6695517610081796,57215.890138674426,0.0,0.0,1820.0,2718.2364471113174,4.0,5.974146037607291,0.0,0.0,24601.329923273657,111.57374254049446,0.0,0.3061,0.27416010481993613,0.011500269821743365,0.43813442385945245,0.0,0.0,0.26756836224639813,0.2873932336056003,0.16666666666666666,0.274418075714825,0.0,0.0,0.6024974796810165,0.8488476857389554,0.0,0.7245067744235797
169,32066.0,1.34598948491613,23823.36590244467,27.0,20.05959207154014,2100.0,1560.190494453122,2.0,1.4858957090029734,0.0,0.0,0.0,0.0,0.0,0.143,0.1947437381536935,0.0322548475603737,0.17836828868506918,0.16265060240963855,0.3237175233195624,0.3087327256689209,0.16495555113246582,0.08333333333333333,0.06825354429079582,0.0,0.0,0.0,0.0,0.0,0.33681958640361304
52,35168.0,0.7780251694249479,45201.62249505795,0.0,0.0,2453.0,3152.854298805083,0.0,0.0,0.0,0.0,0.0,0.0,0.0,0.135,0.23420386459910192,0.014828469459329478,0.3446733889686901,0.0,0.0,0.36062922669803,0.3333444347653556,0.0,0.0,0.0,0.0,0.0,0.0,0.0,0.31780366056572384
156,41379.0,0.6290522001665323,65779.91459062621,0.0,0.0,1302.0,2069.780535948073,4.0,6.358772767889627,0.0,0.0,0.0,0.0,0.0,0.1742,0.31321316355217466,0.01025765538118218,0.5047554291384955,0.0,0.0,0.19141428991473097,0.21883339902685411,0.16666666666666666,0.2920856262782252,0.0,0.0,0.0,0.0,0.0,0.41098169717138106
127,43729.0,0.7918152149816113,55226.26892312941,0.0,0.0,1989.0,2511.949710446258,0.0,0.0,0.0,0.0,0.0,0.0,0.0,0.1298,0.3431071987380901,0.015251577991585098,0.422656821448601,0.0,0.0,0.29241399588356365,0.2655829851398639,0.0,0.0,0.0,0.0,0.0,0.0,0.0,0.3054433087710958
66,35709.0,0.7216993268665457,49479.05404739721,0.0,0.0,1983.0,2747.6816538124467,1.0,1.3856185848776839,0.0,0.0,0.0,0.0,0.0,0.1389,0.24108585312488073,0.013100270340985671,0.37794825776757507,0.0,0.0,0.29153190238165244,0.29050641133412936,0.041666666666666664,0.0636473871484271,0.0,0.0,0.0,0.0,0.0,0.3270739244116948
155,36982.0,0.653077966843925,56627.23576285968,0.0,0.0,1571.0,2405.5320800241348,0.0,0.0,0.0,0.0,0.0,0.0,0.0,0.1286,0.2572795155894213,0.010994818056491516,0.43355518117994934,0.0,0.0,0.2309614819170832,0.25433168029029457,0.0,0.0,0.0,0.0,0.0,0.0,0.0,0.3025909198954124
195,57335.0,1.2977916909189793,44178.89280782844,0.0,0.0,3857.0,2971.9715629160946,0.0,0.0,0.0,0.0,0.0,0.0,0.0,0.1291,0.5161873020315223,0.030776034615753716,0.3367174004875476,0.0,0.0,0.5670391061452514,0.31422009610607216,0.0,0.0,0.0,0.0,0.0,0.0,0.0,0.3037794152602805
148,47004.0,0.7444744704093965,63137.15495731085,0.0,0.0,1555.0,2088.7217249301843,8.0,10.745835240798375,0.0,0.0,0.0,0.0,0.0,0.2019,0.3847680350078233,0.013799061183751982,0.48419695169951305,0.0,0.0,0.22860923257865334,0.2208360097841665,0.3333333333333333,0.4936021667641539,0.0,0.0,0.0,0.0,0.0,0.47682434038507254
53,48585.0,0.9033391524985654,53783.78637261286,0.0,0.0,2213.0,2449.7997168383718,0.0,0.0,0.0,0.0,0.0,0.0,0.0,0.1265,0.4048797242116243,0.018673374483864632,0.4114355039299443,0.0,0.0,0.3253454866215819,0.2590120013497969,0.0,0.0,0.0,0.0,0.0,0.0,0.0,0.2975992393629665
174,63033.0,3.119557146487303,20205.75262452771,56.0,17.951265955508255,4737.0,1518.4847648436178,12.0,3.8466998476089116,0.0,0.0,40832.253665689146,104.64222873900293,0.0,0.2665,0.5886707967078398,0.08667175336825968,0.15022625865726907,0.3373493975903614,0.28969379511024823,0.6964128197588945,0.16054609495543098,0.5,0.17669537426576348,0.0,0.0,1.0,0.7961130609509749,0.0,0.6303779415260281
50,49094.0,0.9063089344748656,54169.16697223789,0.0,0.0,2103.0,2320.4008258161134,3.0,3.3101295660714887,0.0,0.0,0.0,0.0,0.0,0.1463,0.41135464502423325,0.018764493841516384,0.414433445272371,0.0,0.0,0.3091737724198765,0.24533093774865736,0.125,0.15204840661241925,0.0,0.0,0.0,0.0,0.0,0.3446636558117424
39,59289.0,1.0027525822046814,59126.25013604598,0.0,0.0,2088.0,2082.268385097809,1.0,0.9972549737058473,0.0,0.0,0.0,0.0,0.0,0.1299,0.5410438742669601,0.02172359430776703,0.452995439750265,0.0,0.0,0.3069685386650985,0.2201537121849444,0.041666666666666664,0.04580818566514365,0.0,0.0,0.0,0.0,0.0,0.30568100784406943
124,37347.0,1.3099718540663754,28509.77285051473,24.0,18.32100432196304,1328.0,1013.7622391486216,1.0,0.7633751800817933,0.0,0.0,0.0,0.0,0.0,0.1234,0.26192263169276564,0.031149748461059945,0.214824646765173,0.14457831325301204,0.29566055594158025,0.1952366950896795,0.10718287893085739,0.041666666666666664,0.03506508656597961,0.0,0.0,0.0,0.0,0.0,0.29023056810078446
140,32213.0,0.8273489496580698,38935.20383788862,2.0,2.4173596894352354,2137.0,2582.948828161549,3.0,3.6260395341528535,0.0,0.0,0.0,0.0,0.0,0.1454,0.1966137054610678,0.01634183010589027,0.2959258506142397,0.012048192771084338,0.039010847720416214,0.31417230226403997,0.2730895675952005,0.125,0.1665595024233179,0.0,0.0,0.0,0.0,0.0,0.34252436415497983
183,43364.0,0.9485424908567128,45716.45489579927,3.0,3.1627470871551933,2050.0,2161.2105095560487,0.0,0.0,0.0,0.0,0.0,0.0,0.0,0.1196,0.33846408263474576,0.02006031102930107,0.3486783579269225,0.018072289156626505,0.05103975446203732,0.30138194648632755,0.22850009148533942,0.0,0.0,0.0,0.0,0.0,0.0,0.0,0.28119800332778705
60,35334.0,0.6835696943361862,51690.4132713385,4.0,5.8516344904441615,1017.0,1487.778069195428,3.0,4.388725867833121,0.0,0.0,0.0,0.0,0.0,0.1477,0.23631552836117084,0.01193037044550846,0.39515079792362023,0.024096385542168676,0.09443245993548632,0.14951484857394884,0.1572995427413826,0.125,0.2015929473282501,0.0,0.0,0.0,0.0,0.0,0.34799144283337297
73,68922.0,1.863088381204148,36993.41410494678,3.0,1.6102295684228598,5009.0,2688.546636076702,10.0,5.367431894742866,0.0,0.0,0.0,0.0,0.0,0.1554,0.6635839767971403,0.0481205641847618,0.28082033745568874,0.018072289156626505,0.02598554975628448,0.7364010585122023,0.2842541943923468,0.4166666666666667,0.24654910054318574,0.0,0.0,0.0,0.0,0.0,0.3662942714523414
79,37291.0,0.6114567960363524,60987.13799851686,0.0,0.0,1008.0,1648.5220321928882,2.0,3.270877048001762,0.0,0.0,0.0,0.0,0.0,0.1362,0.2612102631947183,0.009717790187454266,0.4674716034750341,0.0,0.0,0.14819170832108203,0.17429465269861702,0.08333333333333333,0.1502453705955813,0.0,0.0,0.0,0.0,0.0,0.3206560494414072
173,33521.0,1.122522141833327,29862.21718999038,15.0,13.362765366482376,1386.0,1234.7195198629715,3.0,2.672553073296475,0.0,0.0,0.0,0.0,0.0,0.128,0.21325259823688797,0.025398384385519272,0.22534554170018037,0.09036144578313253,0.21564552727247832,0.2037635989414878,0.13054421214404452,0.125,0.1227617917277251,0.0,0.0,0.0,0.0,0.0,0.3011647254575708
193,58355.0,1.5645100957317917,37299.21600327209,0.0,0.0,4163.0,2660.8968592515075,4.0,2.5567108904650566,0.0,0.0,0.0,0.0,0.0,0.1304,0.5291625853888132,0.03895953425121207,0.28319922252274726,0.0,0.0,0.6120258747427227,0.2813308435636466,0.16666666666666666,0.11744066487560438,0.0,0.0,0.0,0.0,0.0,0.3068695032089375
192,80037.0,1.63340840066079,48999.99287846279,0.0,0.0,3427.0,2098.066839018104,7.0,4.285517325102633,0.0,0.0,0.0,0.0,0.0,0.1411,0.8049764027935021,0.04107348380660875,0.37422155931597384,0.0,0.0,0.5038224051749486,0.22182404839243203,0.2916666666666667,0.19685213759324482,0.0,0.0,0.0,0.0,0.0,0.3323033040171144
179,25871.0,0.6804442689378047,38020.74788635586,1.0,1.4696280733777536,1625.0,2388.1456192388496,8.0,11.757024587022029,0.0,0.0,0.0,0.0,0.0,0.1922,0.11593797305720574,0.011834475609806149,0.2888121419698614,0.006024096385542169,0.023716552082318574,0.23890032343428402,0.25249344756725456,0.3333333333333333,0.5400504177488528,0.0,0.0,0.0,0.0,0.0,0.45376753030663186
119,27076.0,1.211597446149113,22347.356447520702,16.0,13.205706277158049,1731.0,1428.692347860036,5.0,4.126783211611889,0.0,0.0,0.0,0.0,0.0,0.1339,0.13126661663126027,0.028131408081083754,0.1668861596649919,0.0963855421686747,0.21311094036614578,0.25448397530138195,0.15105253780090241,0.20833333333333334,0.18956080094023683,0.0,0.0,0.0,0.0,0.0,0.31518897076301405
190,65890.0,1.206528244781423,54611.23706385901,4.0,3.315297438995842,1487.0,1232.4618229467044,1.0,0.8288243597489605,0.0,0.0,0.0,0.0,0.0,0.1117,0.6250143109742912,0.027975873979214517,0.41787238383131986,0.024096385542168676,0.05350158030093091,0.21861217289032636,0.13030551075441488,0.041666666666666664,0.03807144727901153,0.0,0.0,0.0,0.0,0.0,0.2624197765628714
81,57062.0,1.6133165255092303,35369.37674520432,14.0,8.677776356118967,2261.0,1401.460881513213,1.0,0.6198411682942119,0.0,0.0,0.0,0.0,0.0,0.1096,0.5127145056035415,0.04045702146276016,0.2681866741442643,0.08433734939759036,0.14004014936621825,0.3324022346368715,0.1481734140302119,0.041666666666666664,0.02847195558685267,0.0,0.0,0.0,0.0,0.0,0.25742809603042555
133,35113.0,0.770755956046475,45556.573030079526,0.0,0.0,1581.0,2051.2329325479373,3.0,3.892282604455289,0.0,0.0,0.0,0.0,0.0,0.1332,0.23350421696709112,0.014605434213319545,0.3474346096541451,0.0,0.0,0.23243163775360187,0.21687240121797552,0.125,0.17878918522063755,0.0,0.0,0.0,0.0,0.0,0.3135250772521988
118,28784.0,4.200543062144555,6852.447308397441,108.0,25.71096127386477,1435.0,341.6224947036662,2.0,0.47612891247897726,0.0,0.0,0.0,0.0,0.0,0.1022,0.15299385582170436,0.11983874779792862,0.04634862157791209,0.6506024096385542,0.4149181437018949,0.21096736254042928,0.03611900411740672,0.08333333333333333,0.021870637097281834,0.0,0.0,0.0,0.0,0.0,0.23983836463037797
63,21728.0,1.4066130911243209,15447.033826930032,15.0,10.66391326417298,2728.0,1939.4103589775923,3.0,2.132782652834596,0.0,0.0,26533.232631578947,111.78842105263158,0.0,0.2449,0.06323542506773862,0.03411491139681229,0.11320737437979801,0.09036144578313253,0.17209201355945924,0.40105851220229344,0.20504964347273458,0.125,0.09796782800830862,0.0,0.0,0.6498106337411031,0.8504809495701775,0.0,0.5790349417637272
120,37344.0,0.6636135080315342,56273.71888612228,0.0,0.0,972.0,1464.7079787197636,2.0,3.013802425349308,0.0,0.0,0.0,0.0,0.0,0.1241,0.26188446909465596,0.011318071330027945,0.4308051131665418,0.0,0.0,0.1428991473096148,0.1548603922000745,0.08333333333333333,0.13843683380734173,0.0,0.0,0.0,0.0,0.0,0.29189446161159976
85,63083.0,2.311956377215608,27285.54942544965,16.0,6.9205458016770685,3997.0,1728.8388480814526,14.0,6.0554775764674345,0.0,0.0,0.0,0.0,0.0,0.1406,0.5893068400096678,0.06189280867725078,0.20530120416857917,0.0963855421686747,0.11168232828208702,0.5876212878565128,0.18278637513713045,0.5833333333333334,0.2781539811058933,0.0,0.0,0.0,0.0,0.0,0.3311148086522463
80,35228.0,1.871341816425747,18824.994819645133,20.0,10.687518348839069,2955.0,1579.080836040972,9.0,4.80938325697758,0.0,0.0,0.0,0.0,0.0,0.1303,0.23496711656129549,0.04837379749340668,0.13948510845104828,0.12048192771084337,0.17247294750460643,0.4344310496912673,0.16695278590525975,0.375,0.22091554013692508,0.0,0.0,0.0,0.0,0.0,0.3066318041359639
181,47182.0,1.0615662610550132,44445.64765378777,0.0,0.0,1915.0,1803.938265800593,5.0,4.710021581724786,0.0,0.0,0.0,0.0,0.0,0.131,0.387032349162331,0.02352812564398824,0.33879253188173886,0.0,0.0,0.2815348426933255,0.19072647340309912,0.20833333333333334,0.21635143347615224,0.0,0.0,0.0,0.0,0.0,0.3082956976467792
123,40331.0,2.063800587568178,19542.101229616816,33.0,15.989916951658897,1636.0,792.712246451938,3.0,1.4536288137871722,4.0,1.9381717517162296,32284.388372093024,110.33720930232558,0.0,0.3141,0.29988169594586,0.0542788503696422,0.1450636013888482,0.19879518072289157,0.2580419529577744,0.24051749485445456,0.08381174348121465,0.125,0.06677138780538817,0.5,0.8380268780555221,0.7906589882698836,0.8394402001275625,0.0,0.7435227002614689
65,35609.0,0.7651687069813896,46537.44942142032,0.0,0.0,1278.0,1670.2198983564597,6.0,7.841407973504504,0.0,0.0,0.0,0.0,0.0,0.1514,0.23981376652122477,0.01443400528354835,0.3550650142159526,0.0,0.0,0.18788591590708614,0.17658872094485703,0.25,0.3601894017049875,0.0,0.0,0.0,0.0,0.0,0.35678630853339677
188,49884.0,2.016925518686439,24732.69316979434,15.0,7.437061934626636,3290.0,1631.195584328109,3.0,1.487412386925327,0.0,0.0,0.0,0.0,0.0,0.1052,0.4214041291931155,0.05284062150285285,0.1854421004214046,0.09036144578313253,0.12001775817102563,0.48368127021464274,0.17246276501127122,0.125,0.06832321179378477,0.0,0.0,0.0,0.0,0.0,0.24696933681958644
126,29319.0,0.857503764486139,34191.10354293252,0.0,0.0,1850.0,2157.4249310830915,1.0,1.1661756384232929,0.0,0.0,0.0,0.0,0.0,0.1039,0.1597995191512638,0.01726704528302065,0.25902068615939644,0.0,0.0,0.2719788297559541,0.22809985049836895,0.041666666666666664,0.05356743417839161,0.0,0.0,0.0,0.0,0.0,0.24387924887092946
158,45928.0,1.0666136532732704,43059.640066535954,0.0,0.0,1819.0,1705.3972583397688,9.0,8.437919365067575,0.0,0.0,0.0,0.0,0.0,0.1524,0.37108038315248504,0.02368299059381093,0.3280105427240535,0.0,0.0,0.26742134666274625,0.18030794678558737,0.375,0.38758972087767907,0.0,0.0,0.0,0.0,0.0,0.35916329926313295
116,48534.0,0.8783769368438865,55254.18298707668,0.0,0.0,987.0,1123.6633825409956,0.0,0.0,0.0,0.0,0.0,0.0,0.0,0.0931,0.4042309600437598,0.01790747952114669,0.422873969707813,0.0,0.0,0.14510438106439283,0.11880248803809766,0.0,0.0,0.0,0.0,0.0,0.0,0.0,0.218207748989779
69,57077.0,1.7109729959193272,33359.38096985091,0.0,0.0,3579.0,2091.7922191267307,0.0,0.0,0.0,0.0,0.0,0.0,0.0,0.0932,0.5129053185940898,0.043453333961562216,0.25255057456141505,0.0,0.0,0.5261687738900324,0.22116064646426492,0.0,0.0,0.0,0.0,0.0,0.0,0.0,0.2184454480627526
122,40032.0,0.8412460917836998,47586.55094030794,4.0,4.754851213060346,637.0,757.21005567986,1.0,1.1887128032650864,0.0,0.0,0.0,0.0,0.0,0.098,0.2960781570009286,0.016768224593360383,0.363226153668577,0.024096385542168676,0.07673279959808936,0.09364892678623934,0.08005817398695184,0.041666666666666664,0.05460266253890049,0.0,0.0,0.0,0.0,0.0,0.22985500356548613
142,34666.0,0.905552469264001,38281.602863029264,0.0,0.0,1621.0,1790.0674505558886,6.0,6.625789453013777,0.0,0.0,0.0,0.0,0.0,0.1366,0.2278179898487489,0.018741283846759205,0.29084137727570675,0.0,0.0,0.23831226109967657,0.18925994224457618,0.25,0.3043508445126405,0.0,0.0,0.0,0.0,0.0,0.32160684573330167
125,21171.0,0.8142910569605905,25999.30309811154,9.0,11.052559061121528,660.0,810.5209978155787,2.0,2.456124235804784,1.0,1.228062117902392,0.0,0.0,0.0,0.1564,0.05614990268537482,0.01594118561266652,0.19529527484825682,0.05421686746987952,0.1783638985702835,0.09703028521023228,0.085694624069588,0.08333333333333333,0.11282028967206838,0.125,0.5309896100862548,0.0,0.0,0.0,0.3686712621820776
139,29344.0,0.7090916102149262,41382.52318498849,0.0,0.0,1098.0,1548.4600073990375,2.0,2.820510031692236,0.0,0.0,0.0,0.0,0.0,0.1076,0.1601175408021778,0.01271343822606319,0.3149639647692601,0.0,0.0,0.16142311084975008,0.1637153122232184,0.08333333333333333,0.1295580875591281,0.0,0.0,0.0,0.0,0.0,0.25267411457095323
23,60483.0,1.0287366032336058,58793.47522960209,0.0,0.0,768.0,746.5467813490469,2.0,1.9441322430964765,0.0,0.0,0.0,0.0,0.0,0.1007,0.5562325883146124,0.02252084047743867,0.45040672705761514,0.0,0.0,0.11290796824463394,0.07893076916018898,0.08333333333333333,0.08930230793275953,0.0,0.0,0.0,0.0,0.0,0.23627287853577375
68,44615.0,1.5109640304205672,29527.50634810393,5.0,3.3091456178531806,2380.0,1575.1533140981142,4.0,2.6473164942825447,0.0,0.0,0.0,0.0,0.0,0.104,0.35437788604648207,0.03731662473298003,0.2227417690358942,0.030120481927710843,0.05340230349125776,0.3498970890914437,0.1665375375436191,0.16666666666666666,0.1216025677303483,0.0,0.0,0.0,0.0,0.0,0.24411694794390304
164,43483.0,1.278213994679142,34018.56041399009,4.0,3.12936645714326,1758.0,1375.3565579144629,2.0,1.56468322857163,0.0,0.0,0.0,0.0,0.0,0.0959,0.3399778656930964,0.030175348397064518,0.257678443762889,0.024096385542168676,0.050501064799965835,0.25845339605998235,0.14541346061331747,0.08333333333333333,0.07187259199640467,0.0,0.0,0.0,0.0,0.0,0.22486332303304019
185,46943.0,1.8598463132705407,25240.25757668692,6.0,3.226073013231398,3260.0,1752.8330038557262,3.0,1.613036506615699,0.0,0.0,0.0,0.0,1.0,0.0963,0.3839920621795932,0.04802109050287836,0.18939053041722723,0.03614457831325301,0.052061695081676886,0.47927080270508676,0.18532322509473184,0.125,0.07409366483791688,0.0,0.0,0.0,0.0,1.0,0.22581411932493464
152,39997.0,1.061540793571959,37678.2505601267,0.0,0.0,1645.0,1549.6342768559746,5.0,4.7101345801093455,0.0,0.0,0.0,0.0,0.0,0.1163,0.295632926689649,0.0235273442463249,0.2861477969172768,0.0,0.0,0.24184063510732137,0.1638394651815499,0.20833333333333334,0.21635662397518834,0.0,0.0,0.0,0.0,0.0,0.27335393391965773
75,48734.0,2.2685725626563973,21482.23107438744,23.0,10.13853397445133,2119.0,934.0675431244508,1.0,0.44080582497614473,0.0,0.0,0.0,0.0,0.0,0.0845,0.40677513325107173,0.06056169907167534,0.1601562019945173,0.13855421686746988,0.1636135518905712,0.3115260217583064,0.09875693187391843,0.041666666666666664,0.02024809663044116,0.0,0.0,0.0,0.0,0.0,0.19776562871404807
167,32756.0,5.045319370393719,6492.354119783667,98.0,19.42394381911098,1650.0,327.0357887911543,6.0,1.189221050149652,0.0,0.0,0.0,0.0,0.0,0.0861,0.20352113571891975,0.14575831872312486,0.04354739531400082,0.5903614457831325,0.3134595640726884,0.2425757130255807,0.0345767833940014,0.25,0.054626008491806995,0.0,0.0,0.0,0.0,0.0,0.20156881388162587
182,41037.0,1.1662936369029084,35185.821736088445,0.0,0.0,1805.0,1547.6376985071922,3.0,2.5722510224496267,0.0,0.0,0.0,0.0,0.0,0.0986,0.30886262736767117,0.026741388870705735,0.26675876845577495,0.0,0.0,0.26536312849162014,0.16362837129072474,0.125,0.11815448959443701,0.0,0.0,0.0,0.0,0.0,0.2312811980033278
146,30667.0,0.8142782758435138,37661.57210596334,0.0,0.0,1150.0,1412.2936029562018,5.0,6.140406969374791,0.0,0.0,0.0,0.0,0.0,0.1225,0.17694724656854638,0.015940793460250145,0.2860180523808037,0.0,0.0,0.16906792119964717,0.14931873413198513,0.20833333333333334,0.28205515131943554,0.0,0.0,0.0,0.0,0.0,0.2880912764440219
176,52250.0,2.7833777284514643,18772.155667520325,29.0,10.418995490106974,2450.0,880.2254810607616,8.0,2.8742056524433033,0.0,0.0,0.0,0.0,0.0,0.0976,0.45150169823561587,0.07635703906545153,0.13907406368437378,0.1746987951807229,0.16813958147834665,0.3601881799470744,0.09306432763526906,0.3333333333333333,0.13202455704749744,0.0,0.0,0.0,0.0,0.0,0.22890420727359168
143,32462.0,1.3125484912020804,24732.03863902209,7.0,5.333136296998172,1563.0,1190.813147458306,10.0,7.618766138568816,0.0,0.0,0.0,0.0,0.0,0.129,0.19978120110417116,0.031228805281587755,0.18543700871501373,0.04216867469879518,0.08606504396663726,0.22978535724786828,0.12590208678564233,0.4166666666666667,0.3499625101070815,0.0,0.0,0.0,0.0,0.0,0.3035417161873069
48,35814.0,0.8983825188739504,39864.97872297197,3.0,3.339334789995977,666.0,741.3323233791069,0.0,0.0,0.0,0.0,0.0,0.0,0.0,0.0758,0.24242154405871952,0.01852129420470802,0.3031587278526206,0.018072289156626505,0.053889490070241054,0.09791237871214349,0.0783794558485475,0.0,0.0,0.0,0.0,0.0,0.0,0.0,0.17708580936534352
161,46805.0,1.441008941664834,32480.714481844232,2.0,1.3879164397754185,1906.0,1322.6843671059737,4.0,2.775832879550837,0.0,0.0,0.0,0.0,0.0,0.0954,0.3822365826665479,0.03517025075577822,0.24571527825131756,0.012048192771084338,0.0223979067398905,0.2802117024404587,0.13984454432068602,0.16666666666666666,0.12750587490113763,0.0,0.0,0.0,0.0,0.0,0.22367482766817212
47,42135.0,1.03070133009552,40879.93172192293,0.0,0.0,1116.0,1082.7578925279693,0.0,0.0,0.0,0.0,0.0,0.0,0.0,0.0753,0.3228301382758138,0.022581122562469635,0.3110542201507167,0.0,0.0,0.16406939135548368,0.1144776394549075,0.0,0.0,0.0,0.0,0.0,0.0,0.0,0.17589731400047542
157,34653.0,0.9548462751092416,36291.705694757446,0.0,0.0,1225.0,1282.9290242137151,2.0,2.09457799871627,0.0,0.0,0.0,0.0,0.0,0.0896,0.22765261859027364,0.02025372481403325,0.27536162818157894,0.0,0.0,0.1800940899735372,0.1356412982936351,0.08333333333333333,0.09621292486390867,0.0,0.0,0.0,0.0,0.0,0.20988828143570243
64,31118.0,1.153896192164498,26967.76383465512,0.0,0.0,1951.0,1690.7933428051977,0.0,0.0,0.0,0.0,0.0,0.0,0.0,0.0751,0.18268435715103484,0.026361008354525758,0.2028290959161207,0.0,0.0,0.2868274037047927,0.17876390652623328,0.0,0.0,0.0,0.0,0.0,0.0,0.0,0.17542191585452818
55,33946.0,0.8438605345517075,40227.02639842433,0.0,0.0,890.0,1054.6766480468289,6.0,7.110179649753902,0.0,0.0,0.0,0.0,0.0,0.1228,0.21865896630242587,0.01684844137275337,0.3059751584026384,0.0,0.0,0.13084386945016171,0.11150867048839955,0.25,0.32660095772510367,0.0,0.0,0.0,0.0,0.0,0.28880437366294276
166,27040.0,1.4406080473686644,18769.85211167589,7.0,4.859059348436805,1910.0,1325.8290507877566,6.0,4.1649080129458325,0.0,0.0,0.0,0.0,0.0,0.1003,0.1308086654539441,0.035157950448535216,0.13905614393099922,0.04216867469879518,0.0784144888056021,0.28079976477506613,0.14017702489386602,0.25,0.1913120361047627,0.0,0.0,0.0,0.0,0.0,0.2353220822438793
136,38639.0,1.1651648328848032,33161.831621998615,4.0,3.4329906697376864,950.0,815.3352840627006,1.0,0.8582476674344216,0.0,0.0,0.0,0.0,0.0,0.0762,0.27835799061200084,0.026706754713092386,0.25101380452765604,0.024096385542168676,0.05540088917178685,0.13966480446927373,0.08620362809443421,0.041666666666666664,0.03942298562865711,0.0,0.0,0.0,0.0,0.0,0.17803660565723797
113,38108.0,2.169139906014124,17568.253617179023,14.0,6.454171057009193,2373.0,1093.981994163058,4.0,1.844048873431198,0.0,0.0,0.0,0.0,0.0,0.0819,0.2716032107465876,0.057510889323635,0.12970870452394317,0.08433734939759036,0.1041560696849905,0.3488679800058806,0.11566433933403468,0.16666666666666666,0.08470505076132268,0.0,0.0,0.0,0.0,0.0,0.19158545281673403
189,68554.0,1.7898295905792851,38301.97040032858,0.0,0.0,1729.0,966.0137529855022,0.0,0.0,0.0,0.0,0.0,0.0,0.0,0.0692,0.6589026980956864,0.04587282546274359,0.2909998198184099,0.0,0.0,0.2541899441340782,0.1021345352325841,0.0,0.0,0.0,0.0,0.0,0.0,0.0,0.16139767054908488
147,34299.0,1.2494539549006507,27451.191670946577,1.0,0.8003496215909086,1645.0,1316.5751275170446,2.0,1.6006992431818172,0.0,0.0,0.0,0.0,0.0,0.0794,0.22314943201333146,0.029292927946146522,0.20658976341704885,0.006024096385542169,0.012915875675195903,0.24184063510732137,0.1391986276925724,0.08333333333333333,0.07352696156856248,0.0,0.0,0.0,0.0,0.0,0.18564297599239366
35,36738.0,1.62773615799415,22569.996875459245,0.0,0.0,2670.0,1640.3149778832865,20.0,12.287003579650086,0.0,0.0,18931.546321525886,131.44141689373296,0.0,0.3033,0.25417562427650076,0.04089944708864301,0.16861811748555156,0.0,0.0,0.3925316083504852,0.17342693867803585,0.8333333333333334,0.5643946193151943,0.0,0.0,0.4636419649164219,1.0,0.0,0.7178512003803186
34,24308.0,1.1286374983144962,21537.4733130004,0.0,0.0,1889.0,1673.6994852829423,3.0,2.6580722370824916,0.0,0.0,0.0,0.0,0.0,0.0866,0.09605525944206282,0.025586016797198803,0.160585940780401,0.0,0.0,0.27771243751837693,0.17695661011045052,0.125,0.12209662499367345,0.0,0.0,0.0,0.0,0.0,0.20275730924649396
134,49484.0,1.2298730867319072,40235.04582207898,0.0,0.0,997.0,810.6527500730083,1.0,0.8130920261514627,0.0,0.0,0.0,0.0,0.0,0.0729,0.41631578277849157,0.028692144405793055,0.3060375428655307,0.0,0.0,0.1465745369009115,0.0857085539495062,0.041666666666666664,0.037348793918154266,0.0,0.0,0.0,0.0,0.0,0.17019253624910866
121,37354.0,1.913854661849198,19517.678507472425,18.0,9.405102884149052,698.0,364.7089896186688,1.0,0.5225057157860584,0.0,0.0,0.0,0.0,0.0,0.0653,0.26201167775502154,0.049678183875251136,0.14487361287234657,0.10843373493975904,0.15177759355046772,0.10261687738900323,0.03855988906444391,0.041666666666666664,0.024000922001805407,0.0,0.0,0.0,0.0,0.0,0.15212740670311387
19,32491.0,1.2919164217553418,25149.45971183964,0.0,0.0,1720.0,1331.35547395784,0.0,0.0,0.0,0.0,0.0,0.0,0.0,0.0635,0.2001501062192314,0.03059576860414274,0.18868419835719466,0.0,0.0,0.2528668038812114,0.14076132160830787,0.0,0.0,0.0,0.0,0.0,0.0,0.0,0.1478488233895888
137,36039.0,1.0559629261026422,34129.039106527234,0.0,0.0,952.0,901.5468028916986,1.0,0.947002944213969,0.0,0.0,0.0,0.0,0.0,0.0691,0.24528373891694547,0.023356203164276872,0.25853787633457687,0.0,0.0,0.1399588356365775,0.09531858466734237,0.041666666666666664,0.04349989504969547,0.0,0.0,0.0,0.0,0.0,0.16115997147611125
78,28835.0,1.568106452993118,18388.41996024013,2.0,1.275423614374207,2278.0,1452.7074967722217,6.0,3.826270843122621,0.0,0.0,0.0,0.0,0.0,0.0893,0.15364261998956888,0.03906987829873926,0.13608891823974062,0.012048192771084338,0.020582520928442934,0.33490149955895326,0.1535916073173632,0.25,0.17575698272585016,0.0,0.0,0.0,0.0,0.0,0.2091751842167816
175,43585.0,2.174514866569584,20043.551170913684,8.0,3.6789815158267634,2243.0,1031.4944424999287,2.0,0.9197453789566908,0.0,0.0,0.0,0.0,0.0,0.0678,0.3412753940288255,0.057675804781108134,0.14896446591506995,0.04819277108433735,0.05937063826594805,0.3297559541311379,0.10905766626420356,0.08333333333333333,0.042247838511491165,0.0,0.0,0.0,0.0,0.0,0.15806988352745427
8,47546.0,3.7826072874105576,12569.636863505424,35.0,9.252877008006768,2365.0,625.2301178267431,0.0,0.0,0.0,0.0,0.0,0.0,0.0,0.06,0.3916627443996387,0.1070155709999832,0.09082361317433757,0.21084337349397592,0.149321004032885,0.3476918553366657,0.06610422191225944,0.0,0.0,0.0,0.0,0.0,0.0,0.0,0.13952935583551224
58,43983.0,2.799849925051648,15709.05626278832,20.0,7.143240007634003,2127.0,759.6835748118763,8.0,2.8572960030536017,0.0,0.0,0.0,0.0,0.0,0.0801,0.3463382987113763,0.07686244181396981,0.11524569154954455,0.12048192771084337,0.11527612104481594,0.3127021464275213,0.0803196937905329,0.3333333333333333,0.13124782453755818,0.0,0.0,0.0,0.0,0.0,0.18730686950320896
177,28846.0,1.3683526433046582,21080.823091286675,2.0,1.4616115295907006,1660.0,1213.1375695602817,7.0,5.115640353567453,0.0,0.0,0.0,0.0,0.0,0.0956,0.15378254951597103,0.03294099780429353,0.1570335809054204,0.012048192771084338,0.02358718276657813,0.2440458688620994,0.12826239942992362,0.2916666666666667,0.23498323828008297,0.0,0.0,0.0,0.0,0.0,0.22415022581411936
82,49631.0,2.57083415371153,19305.4071295682,1.0,0.3889788061809796,3663.0,1424.8293670409284,16.0,6.223660898895674,0.0,0.0,0.0,0.0,0.0,0.1033,0.41818575008586584,0.06983574081599637,0.14322231765859644,0.006024096385542169,0.006277259044532451,0.5385180829167892,0.15064411323204654,0.6666666666666666,0.28587936033458183,0.0,0.0,0.0,0.0,0.0,0.24245305443308776
46,31449.0,1.582632194295435,19871.32582880424,0.0,0.0,2280.0,1440.637950003932,0.0,0.0,0.0,0.0,0.0,0.0,0.0,0.0602,0.18689496380913612,0.03951555957347431,0.14762469563647818,0.0,0.0,0.33519553072625696,0.15231552036121226,0.0,0.0,0.0,0.0,0.0,0.0,0.0,0.14000475398145948
38,36879.0,1.6268848195085228,22668.4763160683,2.0,1.2293433290527562,1845.0,1134.0692210511677,9.0,5.532044980737403,0.0,0.0,0.0,0.0,0.0,0.0975,0.25596926638765566,0.04087332617587108,0.16938420583215802,0.012048192771084338,0.019838886871233835,0.2712437518376948,0.11990267473487827,0.375,0.2541104835444945,0.0,0.0,0.0,0.0,0.0,0.22866650820061807
171,48991.0,2.142383667073516,22867.51936777105,9.0,4.200928217630574,1440.0,672.1485148208919,2.0,0.9335396039179055,1.0,0.46676980195895273,0.0,0.0,0.0,0.0836,0.4100443958224676,0.05668994983215007,0.1709325956426546,0.05421686746987952,0.06779370554519064,0.21170244045868863,0.07106480208624293,0.08333333333333333,0.04288146625443633,0.125,0.20182196936875313,0.0,0.0,0.0,0.1956263370572855
90,35090.0,1.8663596984896096,18801.30610856916,0.0,0.0,2576.0,1380.2269745133704,6.0,3.214814381630521,0.0,0.0,0.0,0.0,0.0,0.0795,0.23321163704825024,0.0482209353002528,0.13930082993170254,0.0,0.0,0.37871214348720966,0.14592839917830283,0.25,0.14767017257929713,0.0,0.0,0.0,0.0,0.0,0.18588067506536726
151,38316.0,2.0202276759719613,18966.179136995343,2.0,0.9899874275496056,2447.0,1211.2496176069424,16.0,7.9198994203968445,0.0,0.0,0.0,0.0,0.0,0.1109,0.27424915088219204,0.05294193885649127,0.14058340530952615,0.012048192771084338,0.01597621113235616,0.3597471331961188,0.12806279037187468,0.6666666666666666,0.36379484952642965,0.0,0.0,0.0,0.0,0.0,0.2605181839790825
77,33388.0,1.5950688529487715,20932.01176756494,1.0,0.6269321842447868,1854.0,1162.3322695898348,4.0,2.507728736979147,0.0,0.0,0.0,0.0,0.0,0.0734,0.2115607230540255,0.03989714325768736,0.1558759522649525,0.006024096385542169,0.01011730115195029,0.2725668920905616,0.1228908654493805,0.16666666666666666,0.11519070509568662,0.0,0.0,0.0,0.0,0.0,0.17138103161397675
163,45572.0,3.1250530231149627,14582.79256797222,25.0,7.999864263128797,1421.0,454.7122847162408,5.0,1.5999728526257593,0.0,0.0,0.0,0.0,0.0,0.0648,0.36655175484346975,0.08684037879330503,0.10648429438412226,0.15060240963855423,0.12910014505364253,0.20890914436930313,0.048075741903787064,0.20833333333333334,0.07349359534394125,0.0,0.0,0.0,0.0,0.0,0.1509389113382458
24,58967.0,1.7480813081333266,33732.41263186287,0.0,0.0,1043.0,596.6541688577166,9.0,5.148501936452013,0.0,0.0,0.0,0.0,0.0,0.0896,0.5369477554031878,0.044591897532714586,0.2554524514142404,0.0,0.0,0.1533372537488974,0.06308294891509812,0.375,0.23649271131327584,0.0,0.0,0.0,0.0,0.0,0.20988828143570243
117,42095.0,4.617433818510921,9116.535646108132,51.0,11.04509604350908,1137.0,246.24067061705537,3.0,0.6497115319711223,0.0,0.0,0.0,0.0,0.0,0.0562,0.3223213036343514,0.13262986116389397,0.06396135049351755,0.3072289156626506,0.17824346194478405,0.16715671861217288,0.026034491094051974,0.125,0.029844029130003405,0.0,0.0,0.0,0.0,0.0,0.13049679106251486
199,42631.0,0.9195187303413512,46362.29648543883,0.0,0.0,0.0,0.0,0.0,0.0,0.0,0.0,0.0,0.0,0.0,0.0531,0.32913968782994746,0.01916979905370724,0.353702469685851,0.0,0.0,0.0,0.0,0.0,0.0,0.0,0.0,0.0,0.0,0.0,0.12312811980033278
18,35122.0,1.8687757429348952,18794.122372779315,0.0,0.0,2217.0,1186.3381726681778,0.0,0.0,0.0,0.0,0.0,0.0,0.0,0.0522,0.23361870476142016,0.04829506478843387,0.13924494642708815,0.0,0.0,0.32593354895618937,0.12542895742391766,0.0,0.0,0.0,0.0,0.0,0.0,0.0,0.12098882814357026
187,49207.0,1.8850237509695948,26104.180371568007,0.0,0.0,1587.0,841.8992064071866,5.0,2.652486472612434,0.0,0.0,0.0,0.0,0.0,0.0699,0.41279210288636453,0.04879358894510843,0.1961111330265929,0.0,0.0,0.23331373125551308,0.08901217388813913,0.20833333333333334,0.12184004694425514,0.0,0.0,0.0,0.0,0.0,0.1630615640599002
135,37599.0,1.2925133551282173,29089.83481742839,0.0,0.0,865.0,669.2387328672453,0.0,0.0,0.0,0.0,0.0,0.0,0.0,0.0506,0.2651282899339787,0.030614083815808574,0.21933704763193132,0.0,0.0,0.12716847985886504,0.07075715716240474,0.0,0.0,0.0,0.0,0.0,0.0,0.0,0.11718564297599239
178,31034.0,1.7448818178880316,17785.73177956711,1.0,0.573104716748312,1910.0,1094.630008989276,3.0,1.7193141502449358,0.0,0.0,0.0,0.0,0.0,0.0623,0.18161580440396383,0.044493730226733585,0.13140050420128194,0.006024096385542169,0.009248644680653203,0.28079976477506613,0.1157328525336605,0.125,0.07897545150209453,0.0,0.0,0.0,0.0,0.0,0.1449964345139054
162,43195.0,2.4261848865648905,17803.672028127075,4.0,1.648678970077747,2138.0,881.218909506556,6.0,2.473018455116621,0.0,0.0,0.0,0.0,0.0,0.0654,0.3363142562745672,0.06539758730426325,0.13154006445134037,0.024096385542168676,0.02660603820053845,0.31431931784769185,0.09316936066640807,0.25,0.11359631341254514,0.0,0.0,0.0,0.0,0.0,0.1523651057760875
180,42171.0,1.810889847800485,23287.446252581896,0.0,0.0,1522.0,840.4707784124076,2.0,1.1044294065866067,0.0,0.0,0.0,0.0,0.0,0.056,0.32328808945313,0.04651899987059258,0.17419927842325078,0.0,0.0,0.22375771831814173,0.08886114929981513,0.08333333333333333,0.050731165694728755,0.0,0.0,0.0,0.0,0.0,0.13002139291656764
165,25998.0,1.5361057038022834,16924.61653885394,0.0,0.0,1660.0,1080.65479861903,6.0,3.9059811998278193,0.0,0.0,0.0,0.0,0.0,0.0742,0.11755352304384882,0.038088025848319204,0.12470174203411627,0.0,0.0,0.2440458688620994,0.1142552839053347,0.25,0.17941842028761817,0.0,0.0,0.0,0.0,0.0,0.17328262419776566
219,38184.0,0.982678422896298,38857.06565883309,0.0,0.0,0.0,0.0,0.0,0.0,0.0,0.0,0.0,0.0,0.0,0.0443,0.2725699965653662,0.02110767552444354,0.29531800040683315,0.0,0.0,0.0,0.0,0.0,0.0,0.0,0.0,0.0,0.0,0.0,0.10221060137865462
56,43443.0,7.903777186032147,5496.485917742482,68.0,8.60348139876364,2994.0,378.806225116152,2.0,0.25304357055187177,0.0,0.0,0.0,0.0,0.0,0.0449,0.339469031051634,0.2334620094701777,0.03580036690257491,0.40963855421686746,0.1388411928019758,0.4401646574536901,0.040050359144346945,0.08333333333333333,0.011623373326619342,0.0,0.0,0.0,0.0,0.0,0.10363679581649632
224,33979.0,3.459040726657825,9823.243692430013,34.0,9.82931473976928,0.0,0.0,0.0,0.0,8.0,2.3127799387692423,0.0,0.0,0.0,0.1421,0.21907875488163234,0.09708784653783051,0.0694589527888989,0.20481927710843373,0.15862343621638153,0.0,0.0,0.0,0.0,1.0,1.0,0.0,0.0,0.0,0.3346802947468505
170,33927.0,1.967800094158348,17241.080585734493,3.0,1.5245451044066225,1390.0,706.372565041735,9.0,4.573635313219867,0.0,0.0,0.0,0.0,0.0,0.0742,0.21841726984773124,0.05133334683990068,0.12716356977131424,0.018072289156626505,0.02460279170321053,0.20435166127609528,0.07468323655705618,0.375,0.21008662891304936,0.0,0.0,0.0,0.0,0.0,0.17328262419776566
11,37128.0,2.480079699463581,14970.486637195752,2.0,0.8064256968969916,2039.0,822.1509979864829,0.0,0.0,0.0,0.0,0.0,0.0,0.0,0.0408,0.259136762030759,0.06705119715551841,0.10950023260070547,0.012048192771084338,0.01301393011431777,0.299764775066157,0.08692423871900594,0.0,0.0,0.0,0.0,0.0,0.0,0.0,0.09389113382457809
89,33793.0,2.720036813590176,12423.728911005666,2.0,0.7352841660110476,2501.0,919.4728495968152,1.0,0.3676420830055238,0.0,0.0,0.0,0.0,0.0,0.0427,0.21671267379883222,0.07441360230097052,0.08968857035325765,0.012048192771084338,0.01186586289034696,0.3676859747133196,0.09721386663732087,0.041666666666666664,0.016887373079780353,0.0,0.0,0.0,0.0,0.0,0.09840741621107678
205,42186.0,1.2266797084365395,34390.39523509199,0.0,0.0,0.0,0.0,0.0,0.0,0.0,0.0,0.0,0.0,0.0,0.0391,0.3234789024436784,0.028594164627703266,0.2605710101863672,0.0,0.0,0.0,0.0,0.0,0.0,0.0,0.0,0.0,0.0,0.0,0.08985024958402663
186,38294.0,3.1228487916861454,12262.521356124837,13.0,4.16286566119034,1422.0,455.353459247128,0.0,0.0,0.0,0.0,0.0,0.0,0.0,0.0387,0.27396929182938773,0.08677274818825978,0.0884345093186363,0.0783132530120482,0.06717945992852503,0.209056159952955,0.048143531893849574,0.0,0.0,0.0,0.0,0.0,0.0,0.0,0.08889945329213216
41,57814.0,3.4691569034746004,16665.144185924622,2.0,0.5765089489025018,2518.0,725.8247666682498,0.0,0.0,0.0,0.0,0.0,0.0,0.0,0.0394,0.5222805968630344,0.09739823280213955,0.1226832623939361,0.012048192771084338,0.009303581470884477,0.37018523963540134,0.07673987557097757,0.0,0.0,0.0,0.0,0.0,0.0,0.0,0.09056334680294746
61,38050.0,2.1966468259843404,17321.85599883559,6.0,2.731435899947793,803.0,365.5571712763463,0.0,0.0,0.0,0.0,0.0,0.0,0.0,0.0376,0.2708654005164672,0.05835486133864022,0.1277919354716712,0.03614457831325301,0.04407934426003266,0.11805351367244928,0.03864956546825489,0.0,0.0,0.0,0.0,0.0,0.0,0.0,0.08628476348942239
114,36916.0,1.9558108536652097,18875.03586086509,1.0,0.5112968864683359,1109.0,567.0282470933846,9.0,4.601671978215024,0.0,0.0,0.0,0.0,0.0,0.0693,0.2564399384310084,0.05096549091607016,0.13987438623627502,0.006024096385542169,0.008251202775123291,0.16304028226992062,0.05995066457557862,0.375,0.2113744728340047,0.0,0.0,0.0,0.0,0.0,0.1616353696220585
111,22995.0,1.740940622861335,13208.37695326243,0.0,0.0,1547.0,888.6000933549459,14.0,8.041629804117157,0.0,0.0,0.0,0.0,0.0,0.0933,0.07935276233605984,0.04437280580801236,0.09579248115578522,0.0,0.0,0.2274331079094384,0.09394975719750474,0.5833333333333334,0.36938644662604364,0.0,0.0,0.0,0.0,0.0,0.21868314713572617
13,41482.0,2.42947077848059,17074.500490984778,0.0,0.0,1613.0,663.9306034414552,0.0,0.0,0.0,0.0,0.0,0.0,0.0,0.0364,0.3145234127539403,0.06549840560104765,0.1258677148337241,0.0,0.0,0.23713613643046164,0.07019594017125741,0.0,0.0,0.0,0.0,0.0,0.0,0.0,0.08343237461373901
21,32516.0,2.088272933449151,15570.761598817491,0.0,0.0,1489.0,713.0294015450623,1.0,0.4788646081565227,0.0,0.0,0.0,0.0,0.0,0.0393,0.2004681278701454,0.05502971506432387,0.11416987379702001,0.0,0.0,0.21890620405763012,0.07538704941715822,0.041666666666666664,0.02199629929884965,0.0,0.0,0.0,0.0,0.0,0.09032564772997385
141,38825.0,2.295845070024321,16910.984328567392,1.0,0.4355694611350262,1284.0,559.2711880973736,1.0,0.4355694611350262,0.0,0.0,0.0,0.0,0.0,0.0379,0.28072407169480096,0.06139847879919385,0.1245956947477545,0.006024096385542169,0.007029129340686598,0.18876800940899735,0.05913052758179277,0.041666666666666664,0.02000756804610847,0.0,0.0,0.0,0.0,0.0,0.08699786070834324
200,42797.0,1.4159828436020525,30224.236256373497,0.0,0.0,0.0,0.0,0.0,0.0,0.0,0.0,0.0,0.0,0.0,0.0342,0.3312513515920164,0.03440239574210772,0.2281617496953744,0.0,0.0,0.0,0.0,0.0,0.0,0.0,0.0,0.0,0.0,0.0,0.07820299500831947
12,61071.0,4.434349980467449,13772.25529536624,0.0,0.0,3193.0,720.060440439888,3.0,0.6765365866957921,0.0,0.0,0.0,0.0,0.0,0.0387,0.5637124575441096,0.12701245158565888,0.10017898684791625,0.0,0.0,0.46942075860041166,0.07613042588307901,0.125,0.03107621860983022,0.0,0.0,0.0,0.0,0.0,0.08889945329213216
2,36602.0,3.569246783103877,10254.824679892346,4.0,1.120684627057794,2508.0,702.669261165237,7.0,1.9611980973511398,0.0,0.0,0.0,0.0,0.0,0.0466,0.2524455864955286,0.10046920757808013,0.07281629481955014,0.024096385542168676,0.018085375345601555,0.3687150837988827,0.07429169428441026,0.2916666666666667,0.09008621560015061,0.0,0.0,0.0,0.0,0.0,0.10767768005704778
138,24801.0,1.361947436892095,18209.953870609577,0.0,0.0,656.0,481.66322886657326,0.0,0.0,0.0,0.0,0.0,0.0,0.0,0.0329,0.10232664639808678,0.032744472167530535,0.13470060012293542,0.0,0.0,0.09644222287562482,0.05092520667213685,0.0,0.0,0.0,0.0,0.0,0.0,0.0,0.07511290705966246
213,37963.0,1.3539089764638217,28039.55115147612,0.0,0.0,0.0,0.0,0.0,0.0,0.0,0.0,0.0,0.0,0.0,0.0317,0.2697586851712865,0.032497834752198855,0.21116671205588658,0.0,0.0,0.0,0.0,0.0,0.0,0.0,0.0,0.0,0.0,0.0,0.07226051818397909
9,57195.0,6.711067531160502,8522.489117332669,23.0,3.427174572928602,2903.0,432.5690341396405,6.0,0.8940455407639831,0.0,0.0,0.0,0.0,0.0,0.0376,0.514406380786404,0.19686708819843465,0.05934016133746282,0.13855421686746988,0.0553070302115593,0.42678623934137017,0.045734584131249985,0.25,0.04106733503892292,0.0,0.0,0.0,0.0,0.0,0.08628476348942239
218,35206.0,1.383449995843611,25447.97434368548,1.0,0.7228306068194479,0.0,0.0,0.0,0.0,0.0,0.0,0.0,0.0,0.0,0.031,0.23468725750849118,0.03340421735258685,0.19100639453676543,0.006024096385542169,0.011664889943158374,0.0,0.0,0.0,0.0,0.0,0.0,0.0,0.0,0.0,0.07059662467316379
7,72154.0,6.238974779573723,11565.041140449988,14.0,2.243958421796433,2620.0,419.940790364761,11.0,1.7631101885543403,0.0,0.0,0.0,0.0,0.0,0.0429,0.7046978158273015,0.18238225779003325,0.0830086918900193,0.08433734939759036,0.03621253414054311,0.3851808291678918,0.04439942735448053,0.4583333333333333,0.0809871908337318,0.0,0.0,0.0,0.0,0.0,0.09888281435702401
115,37060.0,2.285268375939188,16216.913685146175,1.0,0.4375853665716723,962.0,420.9571226419488,2.0,0.8751707331433447,0.0,0.0,0.0,0.0,0.0,0.0364,0.258271743140273,0.06107396286542924,0.11919640096259311,0.006024096385542169,0.007061661603200719,0.14142899147309615,0.04450688195794931,0.08333333333333333,0.040200334407512577,0.0,0.0,0.0,0.0,0.0,0.08343237461373901
16,37959.0,3.641230622036624,10424.772265253734,6.0,1.6477945570621566,1899.0,521.5269773101726,0.0,0.0,0.0,0.0,0.0,0.0,0.0,0.0302,0.2697078017071402,0.10267782801459802,0.07413834604033352,0.03614457831325301,0.026591765727300834,0.2791825933548956,0.055139914182596866,0.0,0.0,0.0,0.0,0.0,0.0,0.0,0.06869503208937486
42,41352.0,3.5592387822415783,11618.214604291556,0.0,0.0,2354.0,661.3773742141208,0.0,0.0,0.0,0.0,0.0,0.0,0.0,0.03,0.3128697001691875,0.1001621403868761,0.0834223373244957,0.0,0.0,0.34607468391649515,0.06992599279248549,0.0,0.0,0.0,0.0,0.0,0.0,0.0,0.06821963394342763
108,33866.0,4.2444040114086174,7978.976532151724,11.0,2.591647724965126,2032.0,478.7480161026488,8.0,1.8848347090655464,0.0,0.0,0.0,0.0,0.0,0.0423,0.21764129701950108,0.1211844969319834,0.055112084338183154,0.06626506024096386,0.04182347177601778,0.2987356659805939,0.050616987560527585,0.3333333333333333,0.08657851861107776,0.0,0.0,0.0,0.0,0.0,0.09745661991918231
43,51200.0,4.468207916623614,11458.732663158858,0.0,0.0,2864.0,640.9728583454487,0.0,0.0,0.0,0.0,0.0,0.0,0.0,0.0293,0.43814478889722813,0.1280512865636418,0.08218170013321677,0.0,0.0,0.42105263157894735,0.06776866766284628,0.0,0.0,0.0,0.0,0.0,0.0,0.0,0.06655574043261232
110,27504.0,3.029500253856791,9078.725101602238,1.0,0.3300874455207329,2018.0,666.116465060839,20.0,6.601748910414659,0.0,0.0,0.0,0.0,0.0,0.0737,0.13671114729490783,0.08390861241242825,0.06366721582595988,0.006024096385542169,0.0053268825189349165,0.2966774478094678,0.07042704657102504,0.8333333333333334,0.3032465595826001,0.0,0.0,0.0,0.0,0.0,0.17209412883289757
62,34394.0,3.1531754915743586,10907.734153048144,4.0,1.2685624414779488,1418.0,449.70538550393286,0.0,0.0,0.0,0.0,0.0,0.0,0.0,0.0277,0.22435791428680465,0.08770323717215282,0.07789538884851878,0.024096385542168676,0.02047179674775557,0.20846809761834756,0.04754637332862441,0.0,0.0,0.0,0.0,0.0,0.0,0.0,0.06275255526503447
4,41986.0,4.964559449844203,8457.145175553815,0.0,0.0,3626.0,730.3769924869749,5.0,1.0071387099930709,0.0,0.0,0.0,0.0,0.0,0.0351,0.3209347292363664,0.14328042905202984,0.058831839681607385,0.0,0.0,0.5330785063216701,0.07722117251611148,0.20833333333333334,0.04626218794023684,0.0,0.0,0.0,0.0,0.0,0.080342286665082
22,51592.0,4.779090200105511,10795.36017103443,0.0,0.0,2886.0,603.8806298186805,0.0,0.0,0.0,0.0,0.0,0.0,0.0,0.0275,0.44313136838355954,0.13758982986488139,0.07702121249708897,0.0,0.0,0.4242869744192884,0.06384698693147565,0.0,0.0,0.0,0.0,0.0,0.0,0.0,0.06227715711908725
112,30638.0,3.405320760999294,8997.096646780861,2.0,0.5873161855722215,1971.0,578.8001008814243,5.0,1.4682904639305538,0.0,0.0,0.0,0.0,0.0,0.0368,0.17657834145348617,0.095439601379451,0.06303221416872667,0.012048192771084338,0.009477986407743267,0.28976771537783,0.061195277099729106,0.20833333333333334,0.06744486009646096,0.0,0.0,0.0,0.0,0.0,0.08438317090563346
214,42149.0,1.815214697619204,23219.84284023356,0.0,0.0,0.0,0.0,0.0,0.0,0.0,0.0,0.0,0.0,0.0,0.0261,0.32300823040032567,0.046651695651147136,0.17367337996088553,0.0,0.0,0.0,0.0,0.0,0.0,0.0,0.0,0.0,0.0,0.0,0.058949370097456634
223,40149.0,1.7548841652399718,22878.43311556112,0.0,0.0,0.0,0.0,0.0,0.0,0.0,0.0,0.0,0.0,0.0,0.0257,0.2975664983272061,0.04480062395596752,0.17101749554610723,0.0,0.0,0.0,0.0,0.0,0.0,0.0,0.0,0.0,0.0,0.0,0.05799857380556217
95,37693.0,2.8028077176905937,13448.300346146323,0.0,0.0,1191.0,424.9310405714661,1.0,0.3567850886410295,0.0,0.0,0.0,0.0,0.0,0.0283,0.26632405134141535,0.0769531933127258,0.09765888610518267,0.0,0.0,0.17509556012937372,0.044927035666454306,0.041666666666666664,0.016388664899097093,0.0,0.0,0.0,0.0,0.0,0.06417874970287617
201,42973.0,1.9019837375911544,22593.77887974212,0.0,0.0,0.0,0.0,0.0,0.0,0.0,0.0,0.0,0.0,0.0,0.0253,0.3334902240144509,0.04931395815034688,0.16880312174864828,0.0,0.0,0.0,0.0,0.0,0.0,0.0,0.0,0.0,0.0,0.0,0.0570477775136677
17,49610.0,4.1929934182875135,11831.642707481646,0.0,0.0,1878.0,447.8900424239172,1.0,0.2384931003322243,0.0,0.0,0.0,0.0,0.0,0.0262,0.41791861189909807,0.11960710833609509,0.0850826309013178,0.0,0.0,0.2760952660982064,0.04735444104899374,0.041666666666666664,0.010955008004900369,0.0,0.0,0.0,0.0,0.0,0.05918706917043025
220,40896.0,1.9040521901953995,21478.402856070417,0.0,0.0,0.0,0.0,0.0,0.0,0.0,0.0,0.0,0.0,0.0,0.024,0.30706898525651627,0.049377422766313975,0.16012642163200916,0.0,0.0,0.0,0.0,0.0,0.0,0.0,0.0,0.0,0.0,0.0,0.05395768956501071
30,45748.0,3.758952347861124,12170.412329390396,0.0,0.0,1561.0,415.2752829889483,2.0,0.5320631428429831,0.0,0.0,0.0,0.0,0.0,0.0278,0.3687906272659043,0.10628978610592822,0.08771797750689864,0.0,0.0,0.22949132608056455,0.043906153396444055,0.08333333333333333,0.024439935498502,0.0,0.0,0.0,0.0,0.0,0.06299025433800809
20,27361.0,3.1786607973490044,8607.713041548506,1.0,0.3145978963323163,1647.0,518.1427352593249,2.0,0.6291957926646327,0.0,0.0,0.0,0.0,0.0,0.028,0.13489206345167978,0.088485181675243,0.06000313276368172,0.006024096385542169,0.00507691539683552,0.2421346662746251,0.05478210562354721,0.08333333333333333,0.02890165348888019,0.0,0.0,0.0,0.0,0.0,0.06346565248395532
94,31208.0,3.825602947988387,8157.668326873826,2.0,0.5227934072592814,1909.0,499.006307228984,6.0,1.568380221777844,0.0,0.0,0.0,0.0,0.0,0.0342,0.18382923509432522,0.10833477119882921,0.05650215825334925,0.012048192771084338,0.008436731235720295,0.2806527491914143,0.05275885266586391,0.25,0.07204241070441643,0.0,0.0,0.0,0.0,0.0,0.07820299500831947
202,39370.0,1.9275694314298075,20424.6858027815,0.0,0.0,0.0,0.0,0.0,0.0,0.0,0.0,0.0,0.0,0.0,0.0228,0.28765694368472605,0.05009898277715699,0.15192937715092064,0.0,0.0,0.0,0.0,0.0,0.0,0.0,0.0,0.0,0.0,0.0,0.051105300689327324
76,33236.0,3.689595503132354,9008.03352882007,3.0,0.8130972615976715,1457.0,394.8942367159358,3.0,0.8130972615976715,0.0,0.0,0.0,0.0,0.0,0.0281,0.20962715141646843,0.10416176755410474,0.06311729403744475,0.018072289156626505,0.013121594437394132,0.21420170538077035,0.04175130965616124,0.125,0.03734903440458782,0.0,0.0,0.0,0.0,0.0,0.06370335155692894
27,51268.0,5.718662418788916,8965.03347208549,0.0,0.0,2727.0,476.8597620031429,0.0,0.0,0.0,0.0,0.0,0.0,0.0,0.022,0.4390098077877142,0.1664179450992939,0.06278278927011416,0.0,0.0,0.40091149661864156,0.050417346557220924,0.0,0.0,0.0,0.0,0.0,0.0,0.0,0.04920370810553839
221,38763.0,4.464401079959151,8682.687622760515,16.0,3.583907384984863,0.0,0.0,0.0,0.0,0.0,0.0,0.0,0.0,0.0,0.0207,0.27993537800053425,0.12793448455113068,0.06058637280447597,0.0963855421686747,0.057836351723223905,0.0,0.0,0.0,0.0,0.0,0.0,0.0,0.0,0.0,0.04611362015688139
222,33851.0,3.929076933128007,8615.509590709547,14.0,3.5631778756885666,0.0,0.0,0.0,0.0,0.0,0.0,0.0,0.0,0.0,0.0205,0.2174504840289527,0.11150957767783388,0.060063783447916706,0.08433734939759036,0.05750182321511194,0.0,0.0,0.0,0.0,0.0,0.0,0.0,0.0,0.0,0.04563822201093416
14,65113.0,7.566989543945141,8604.875112071657,0.0,0.0,3469.0,458.4385877440232,4.0,0.5286118048360025,0.0,0.0,0.0,0.0,0.0,0.0248,0.6151301980638841,0.22312863353318463,0.05998105602677847,0.0,0.0,0.509997059688327,0.048469715826727724,0.16666666666666666,0.024281400784326116,0.0,0.0,0.0,0.0,0.0,0.05585928214879962
36,37036.0,5.473991502827782,6765.812475387979,3.0,0.5480461557987887,2484.0,453.782217001397,1.0,0.18268205193292955,0.0,0.0,0.0,0.0,0.0,0.0219,0.25796644235539556,0.15891091028112891,0.04567467445180867,0.018072289156626505,0.008844254837649322,0.36518670979123785,0.04797740786506678,0.041666666666666664,0.008391367878102352,0.0,0.0,0.0,0.0,0.0,0.048966009032564775
28,47074.0,4.377479094097137,10753.677856160975,0.0,0.0,1427.0,325.9867081773742,0.0,0.0,0.0,0.0,0.0,0.0,0.0,0.0201,0.3856584956303825,0.12526752934001834,0.07669695866820198,0.0,0.0,0.20979123787121434,0.03446586638005745,0.0,0.0,0.0,0.0,0.0,0.0,0.0,0.0446874257190397
3,58129.0,8.760315052329258,6635.491948950424,1.0,0.1141511457095498,4227.0,482.51689291426726,5.0,0.5707557285477493,0.0,0.0,0.0,0.0,0.0,0.0238,0.5262876696645508,0.25974245052754696,0.04466088887372273,0.006024096385542169,0.0018421474395590132,0.6214348720964422,0.051015462717132615,0.20833333333333334,0.02621725142728795,0.0,0.0,0.0,0.0,0.0,0.05348229141906348
32,39334.0,5.51628692879465,7130.521038468674,5.0,0.906406803079864,1881.0,340.9902393186448,0.0,0.0,0.0,0.0,0.0,0.0,0.0,0.0192,0.2871989925074099,0.16020862576208472,0.04851180450002726,0.030120481927710843,0.014627404404165812,0.276536312849162,0.03605215712925786,0.0,0.0,0.0,0.0,0.0,0.0,0.0,0.04254813406227716
86,39768.0,4.361951563541519,9117.020081651686,1.0,0.2292551820974574,1461.0,334.9418210443853,3.0,0.6877655462923723,0.0,0.0,0.0,0.0,0.0,0.0239,0.2927198483672768,0.1247911109963699,0.06396511900014498,0.006024096385542169,0.0036996724306301494,0.21478976771537783,0.035412671006597,0.125,0.031592012744318304,0.0,0.0,0.0,0.0,0.0,0.053719990492037094
6,71855.0,11.282122091648306,6368.925935767998,4.0,0.354543229323944,5022.0,445.1290244162117,11.0,0.974993880640846,0.0,0.0,0.0,0.0,0.0,0.026,0.7008942768823702,0.3371169646764573,0.042587226441874765,0.024096385542168676,0.005721544869763387,0.7383122610996765,0.04706252461393857,0.4583333333333333,0.04478563846195326,0.0,0.0,0.0,0.0,0.0,0.058711671024483006
93,22815.0,3.84845446459072,5928.353891131815,2.0,0.5196891423302051,1595.0,414.4520910083386,7.0,1.818911998155718,0.0,0.0,0.0,0.0,0.0,0.031,0.07706300644947908,0.10903590533284635,0.03915994144564655,0.012048192771084338,0.008386635254157736,0.234489855924728,0.04381911909689405,0.2916666666666667,0.08355040658303213,0.0,0.0,0.0,0.0,0.0,0.07059662467316379
109,33292.0,3.9798351015263775,8365.170704492653,2.0,0.5025333836653042,1030.0,258.8046925876317,1.0,0.2512666918326521,0.0,0.0,0.0,0.0,0.0,0.0189,0.21033951991451577,0.11306694846698553,0.05811635460137664,0.012048192771084338,0.00810977919019275,0.1514260511614231,0.027362857838988,0.041666666666666664,0.011541753688291556,0.0,0.0,0.0,0.0,0.0,0.041835036843356314
101,30051.0,4.601922591577105,6530.096802367411,2.0,0.4346009651836818,1561.0,339.20605332586365,3.0,0.6519014477755227,0.0,0.0,0.0,0.0,0.0,0.0214,0.16911119309002556,0.13215394305075331,0.04384100207210435,0.012048192771084338,0.007013499954525798,0.22949132608056455,0.03586351902076509,0.125,0.029944621327990875,0.0,0.0,0.0,0.0,0.0,0.0477775136676967
91,32689.0,4.880800013362372,6697.467609921723,1.0,0.2048844446120016,1659.0,339.9032936113108,0.0,0.0,0.0,0.0,0.0,0.0,0.0,0.0164,0.20266883769447025,0.14071050772096788,0.045143008099316505,0.006024096385542169,0.0033063825395831647,0.2438988532784475,0.03593723672124243,0.0,0.0,0.0,0.0,0.0,0.0,0.0,0.03589256001901593
26,47358.0,8.494245677977535,5575.303775682158,0.0,0.0,3042.0,358.12479592941264,0.0,0.0,0.0,0.0,0.0,0.0,0.0,0.0149,0.3892712215847655,0.25157886455551,0.03641350444781922,0.0,0.0,0.4472214054689797,0.03786375657124162,0.0,0.0,0.0,0.0,0.0,0.0,0.0,0.0323270739244117
102,50893.0,6.515399188396351,7811.186778952588,3.0,0.4604476123800476,1163.0,178.50019106599845,0.0,0.0,0.0,0.0,0.0,0.0,0.0,0.0143,0.4342394830240043,0.1908635586977054,0.05380681926142343,0.018072289156626505,0.00743060776941466,0.17097912378712143,0.018872437371734628,0.0,0.0,0.0,0.0,0.0,0.0,0.0,0.03090087948657001
206,41028.0,3.396402318423853,12079.841006303282,1.0,0.2944291948499386,0.0,0.0,0.0,0.0,0.0,0.0,0.0,0.0,0.0,0.014,0.30874813957334213,0.09516596420163345,0.08701340775381468,0.006024096385542169,0.004751437088544797,0.0,0.0,0.0,0.0,0.0,0.0,0.0,0.0,0.0,0.030187782267649156
215,42179.0,3.5794646290232324,11783.605754335906,0.0,0.0,0.0,0.0,0.0,0.0,0.0,0.0,0.0,0.0,0.0,0.0127,0.3233898563814224,0.1007827132711533,0.08470894325866025,0.0,0.0,0.0,0.0,0.0,0.0,0.0,0.0,0.0,0.0,0.0,0.027097694318992158
92,37506.0,6.373014753166776,5885.12681244981,0.0,0.0,1631.0,255.9228345092956,0.0,0.0,0.0,0.0,0.0,0.0,0.0,0.0126,0.26394524939257863,0.1864948951455447,0.03882367063590883,0.0,0.0,0.23978241693619523,0.027058165245815842,0.0,0.0,0.0,0.0,0.0,0.0,0.0,0.026859995246018547
207,42074.0,3.681454020780344,11428.636555694842,0.0,0.0,0.0,0.0,0.0,0.0,0.0,0.0,0.0,0.0,0.0,0.0123,0.3220541654475837,0.1039119692025192,0.08194757738572954,0.0,0.0,0.0,0.0,0.0,0.0,0.0,0.0,0.0,0.0,0.0,0.026146898027097694
37,41107.0,5.485194425632322,7494.173735739781,0.0,0.0,990.0,180.4858539514531,0.0,0.0,0.0,0.0,0.0,0.0,0.0,0.0125,0.3097530879902304,0.1592546402713835,0.051340720788223417,0.0,0.0,0.14554542781534843,0.019082377194338317,0.0,0.0,0.0,0.0,0.0,0.0,0.0,0.026622296173044933
100,30333.0,4.948365547641653,6129.902835180889,0.0,0.0,1155.0,233.41040367368632,1.0,0.20208692958760718,0.0,0.0,0.0,0.0,0.0,0.0137,0.17269847731233542,0.1427835649797352,0.0407278250196383,0.0,0.0,0.1698029991179065,0.024677974846616466,0.041666666666666664,0.009282716893000384,0.0,0.0,0.0,0.0,0.0,0.029474685048728317
103,53532.0,8.622809200631961,6208.185610331801,0.0,0.0,1971.0,228.57979970791263,0.0,0.0,0.0,0.0,21295.12738853503,120.93524416135881,0.0,0.1503,0.4678098484944855,0.2555234725082837,0.041336800064705866,0.0,0.0,0.28976771537783,0.024167245584830917,0.0,0.0,0.0,0.0,0.521527113415958,0.9200695413922072,0.0,0.354171618730687
15,33042.0,6.058223240894549,5454.074352519414,0.0,0.0,1364.0,225.1485205749192,2.0,0.33012979556439764,0.0,0.0,0.0,0.0,0.0,0.0135,0.20715930340537583,0.17683640821910593,0.03547044011097466,0.0,0.0,0.20052925610114672,0.023804463897284064,0.08333333333333333,0.015164273297743868,0.0,0.0,0.0,0.0,0.0,0.028999286902781078
217,37559.0,3.6623174753770447,10255.52816011212,0.0,0.0,0.0,0.0,0.0,0.0,0.0,0.0,0.0,0.0,0.0,0.0109,0.2646194552925163,0.10332481844911791,0.07282176731203288,0.0,0.0,0.0,0.0,0.0,0.0,0.0,0.0,0.0,0.0,0.0,0.02281911100546708
204,35615.0,3.5475319999232604,10039.373852235982,0.0,0.0,0.0,0.0,0.0,0.0,0.0,0.0,0.0,0.0,0.0,0.0107,0.23989009171744413,0.09980295089299179,0.07114026612448988,0.0,0.0,0.0,0.0,0.0,0.0,0.0,0.0,0.0,0.0,0.0,0.022343712859519846
88,38251.0,7.333211688179826,5216.131979614824,0.0,0.0,1618.0,220.64002360766477,8.0,1.0909271871825204,0.0,0.0,0.0,0.0,0.0,0.0184,0.27342229458981565,0.21595582144780812,0.03361944585350591,0.0,0.0,0.23787121434872097,0.023327790308605916,0.3333333333333333,0.05011095101577311,0.0,0.0,0.0,0.0,0.0,0.040646541478488236
29,33588.0,7.316369616104701,4590.801416875729,0.0,0.0,1671.0,228.39196045014123,4.0,0.5467192350691592,0.0,0.0,0.0,0.0,0.0,0.0141,0.21410489626133747,0.21543907011681587,0.02875489286733438,0.0,0.0,0.24566304028226993,0.024147385748227532,0.16666666666666666,0.025113152490669314,0.0,0.0,0.0,0.0,0.0,0.03042548134062277
31,41936.0,6.896121529621915,6081.09932805943,0.0,0.0,993.0,143.99398208610774,2.0,0.2900180908078706,0.0,0.0,0.0,0.0,0.0,0.0119,0.3202986859345384,0.20254494657499442,0.04034817422300454,0.0,0.0,0.14598647456630404,0.015224170868377247,0.08333333333333333,0.013321771162102083,0.0,0.0,0.0,0.0,0.0,0.02519610173520324
96,38110.0,7.643721832567244,4985.791062885953,0.0,0.0,1433.0,187.47411684900476,1.0,0.13082632020167811,0.0,0.0,0.0,0.0,0.0,0.0106,0.27162865247866075,0.22548294671381258,0.03182758461870101,0.0,0.0,0.21067333137312555,0.019821231047007292,0.041666666666666664,0.006009412360628336,0.0,0.0,0.0,0.0,0.0,0.02210601378654623
225,16757.0,3.523815250400936,4755.357136868457,5.0,1.4189166130179798,0.0,0.0,0.0,0.0,0.0,0.0,0.0,0.0,0.0,0.0091,0.0,0.09907526953479526,0.030034999848793747,0.030120481927710843,0.02289818108588765,0.0,0.0,0.0,0.0,0.0,0.0,0.0,0.0,0.0,0.018540527691942005
172,42624.0,10.475227420963284,4069.0286031117375,6.0,0.572779927239828,1418.0,135.36698947101266,4.0,0.38185328482655195,0.0,0.0,0.0,0.0,0.0,0.0118,0.32905064176769155,0.31235968462284264,0.024695933253748765,0.03614457831325301,0.009243403295139894,0.20846809761834756,0.014312057683161659,0.16666666666666666,0.01754015435308238,0.0,0.0,0.0,0.0,0.0,0.024958402662229616
44,40212.0,10.274601448194543,3913.7284499795433,7.0,0.6812916330910376,1303.0,126.81757113108884,3.0,0.29198212846758753,0.0,0.0,0.0,0.0,0.0,0.0111,0.29836791288750936,0.3062040442718562,0.023487826903784044,0.04216867469879518,0.010994542627587818,0.19156130549838282,0.013408146257513296,0.125,0.013411987810944975,0.0,0.0,0.0,0.0,0.0,0.02329450915141431
45,34196.0,8.369607592207208,4085.735158221669,0.0,0.0,1673.0,199.88989705535303,6.0,0.716879487347351,0.0,0.0,0.0,0.0,0.0,0.0139,0.2218391828115658,0.24775469752743584,0.02482589639227293,0.0,0.0,0.24595707144957366,0.021133924512298286,0.25,0.03292934056163124,0.0,0.0,0.0,0.0,0.0,0.029950083194675542
105,28355.0,8.96448223485177,3163.0382276583155,5.0,0.5577566968186062,1381.0,154.05239966129903,2.0,0.22310267872744247,0.0,0.0,0.0,0.0,0.0,0.0101,0.1475366042920202,0.266006742880818,0.017648079767986168,0.030120481927710843,0.00900096152828478,0.20302852102322846,0.01628762550454829,0.08333333333333333,0.010248060124042132,0.0,0.0,0.0,0.0,0.0,0.020917518421678154
5,52025.0,18.218245034416128,2855.6537636704006,0.0,0.0,4351.0,238.826516592598,2.0,0.10978005819011631,0.0,0.0,0.0,0.0,0.0,0.0094,0.44863950337738995,0.5499322730668594,0.015256883653013894,0.0,0.0,0.6396648044692738,0.025250608697874422,0.08333333333333333,0.0050426675429010555,0.0,0.0,0.0,0.0,0.0,0.019253624910862847
87,39926.0,13.880135480484746,2876.4848913856304,6.0,0.4322724377176221,2455.0,176.87147243279372,4.0,0.28818162514508144,2.0,0.14409081257254072,0.0,0.0,0.0,0.0166,0.2947297452010533,0.41682965505258696,0.015418932544545077,0.03614457831325301,0.006975922662744083,0.36092325786533375,0.018700236489383928,0.16666666666666666,0.013237414440634861,0.25,0.062301998628204715,0.0,0.0,0.0,0.03636795816496316
10,36396.0,9.57861759890912,3799.7132283624137,0.0,0.0,1735.0,181.13260938588823,10.0,1.0439919849330732,0.0,0.0,0.0,0.0,0.0,0.0154,0.2498250880919973,0.2848497489771261,0.02260088306985852,0.0,0.0,0.2550720376359894,0.01915075724120725,0.4166666666666667,0.0479550164598549,0.0,0.0,0.0,0.0,0.0,0.033515569289279776
107,36461.0,11.000409563778026,3314.512954141108,9.0,0.8181513558945166,1035.0,94.0874059278694,4.0,0.36362282484200736,0.0,0.0,0.0,0.0,0.0,0.0105,0.2506519443843737,0.32847341279728176,0.018826427472300792,0.05421686746987952,0.013203156359618834,0.15216112907968243,0.00994765700383009,0.16666666666666666,0.016702751364125905,0.0,0.0,0.0,0.0,0.0,0.021868314713572617
216,42690.0,5.957356922108894,7165.929548650883,0.0,0.0,0.0,0.0,0.0,0.0,0.0,0.0,0.0,0.0,0.0,0.0073,0.3298902189261045,0.1737416106044016,0.04878725333334234,0.0,0.0,0.0,0.0,0.0,0.0,0.0,0.0,0.0,0.0,0.0,0.014261944378416925
211,35004.0,7.123978266415467,4913.546713781985,4.0,0.5614840262577974,0.0,0.0,0.0,0.0,1.0,0.14037100656444934,0.0,0.0,0.0,0.0126,0.2321176425691061,0.20953608587711875,0.03126558351862947,0.024096385542168676,0.009061112395278879,0.0,0.0,0.0,0.0,0.125,0.060693628568547896,0.0,0.0,0.0,0.026859995246018547
209,41688.0,6.651021736810762,6267.909149848885,0.0,0.0,0.0,0.0,0.0,0.0,0.0,0.0,0.0,0.0,0.0,0.0063,0.3171439111574716,0.19502475288409155,0.04180139965380956,0.0,0.0,0.0,0.0,0.0,0.0,0.0,0.0,0.0,0.0,0.0,0.01188495364868077
212,34452.0,5.563412797287556,6192.601781553417,0.0,0.0,0.0,0.0,0.0,0.0,0.0,0.0,0.0,0.0,0.0,0.0062,0.2250957245169251,0.16165454970536497,0.04121557080559558,0.0,0.0,0.0,0.0,0.0,0.0,0.0,0.0,0.0,0.0,0.0,0.011647254575707155
1,34783.0,15.371846843004077,2262.773000228673,1.0,0.0650539918991655,2379.0,154.76344672811473,2.0,0.130107983798331,0.0,0.0,0.0,0.0,0.0,0.0068,0.22930633117502638,0.46259859776935747,0.010644763184103689,0.006024096385542169,0.0010498277863549717,0.3497500735077918,0.016362802966021554,0.08333333333333333,0.005976416097684389,0.0,0.0,0.0,0.0,0.0,0.013073449013548847
97,35721.0,10.83169036382321,3297.823220584726,0.0,0.0,1162.0,107.27780807702617,0.0,0.0,0.0,0.0,0.0,0.0,0.0,0.0056,0.24123850351731946,0.3232967414974737,0.018696595191507605,0.0,0.0,0.17083210820346956,0.011342249564103114,0.0,0.0,0.0,0.0,0.0,0.0,0.0,0.010221060137865463
106,24181.0,10.514557140053087,2299.7640012709003,1.0,0.0951062404892643,1475.0,140.28170472166485,4.0,0.3804249619570572,0.0,0.0,0.0,0.0,0.0,0.0083,0.09443970945541973,0.31356640577903716,0.010932522483430497,0.006024096385542169,0.0015348047215326802,0.21684798588650397,0.014831679848347736,0.16666666666666666,0.01747454537551825,0.0,0.0,0.0,0.0,0.0,0.01663893510815308
99,33084.0,12.619439832779696,2621.669459056532,0.0,0.0,1367.0,108.32493502993228,8.0,0.6339425605263045,0.0,0.0,0.0,0.0,0.0,0.0092,0.20769357977891134,0.3781487759409306,0.01343667988312145,0.0,0.0,0.20097030285210232,0.011452960021727606,0.3333333333333333,0.029119692836138373,0.0,0.0,0.0,0.0,0.0,0.01877822676491562
203,37014.0,9.718476291499606,3808.621731410178,1.0,0.1028967885505532,0.0,0.0,0.0,0.0,0.0,0.0,0.0,0.0,0.0,0.0037,0.25768658330259125,0.28914091726239377,0.022670183832823793,0.006024096385542169,0.001660526965270652,0.0,0.0,0.0,0.0,0.0,0.0,0.0,0.0,0.0,0.00570477775136677
98,32913.0,13.187046387738643,2495.858362233609,0.0,0.0,904.0,68.55212102996332,0.0,0.0,0.0,0.0,0.0,0.0,0.0,0.0037,0.20551831168665963,0.39556417717224146,0.012457973926286878,0.0,0.0,0.13290208762128786,0.007247866812418184,0.0,0.0,0.0,0.0,0.0,0.0,0.0,0.00570477775136677
208,40478.0,11.678303499529154,3466.085634923942,0.0,0.0,0.0,0.0,0.0,0.0,0.0,0.0,0.0,0.0,0.0,0.003,0.30175166325323427,0.34927267027631526,0.02000553717980408,0.0,0.0,0.0,0.0,0.0,0.0,0.0,0.0,0.0,0.0,0.0,0.004040884240551462
210,38932.0,11.22834382732411,3467.296744624012,0.0,0.0,0.0,0.0,0.0,0.0,0.0,0.0,0.0,0.0,0.0,0.003,0.2820852043607129,0.33546693078846407,0.02001495860849973,0.0,0.0,0.0,0.0,0.0,0.0,0.0,0.0,0.0,0.0,0.0,0.004040884240551462
33,47926.0,32.886950543390256,1457.295346881359,0.0,0.0,1804.0,54.85458427104226,0.0,0.0,0.0,0.0,0.0,0.0,0.0,0.0021,0.39649667349353146,1.0,0.004378815288126729,0.0,0.0,0.26521611290796826,0.005799656011712706,0.0,0.0,0.0,0.0,0.0,0.0,0.0,0.0019015925837889231
104,26873.0,30.045652867351272,894.4055940019598,1.0,0.0332826849998868,1067.0,35.51262489487929,1.0,0.03328268499988687,0.0,0.0,0.0,0.0,0.0,0.0013,0.12868428082583863,0.9128228195860267,0.0,0.006024096385542169,0.0005371090458451821,0.1568656277565422,0.0037546726713962495,0.041666666666666664,0.0015288160541769478,0.0,0.0,0.0,0.0,0.0,0.0
